{
  "nodes": [
    { "id": "A", "x": 10.0, "y": 5.0,  "width": 6.0, "height": 4.0 },
    { "id": "B", "x": 30.0, "y": 5.0,  "width": 6.0, "height": 4.0 },
    { "id": "C", "x": 10.0, "y": 20.0, "width": 6.0, "height": 4.0 },
    { "id": "D", "x": 30.0, "y": 20.0, "width": 6.0, "height": 4.0 }
  ],
  "edges": [
    {
      "source": "A",
      "target": "B",
      "route": [
        [13.0, 5.0],
        [27.0, 5.0]
      ]
    },
    {
      "source": "A",
      "target": "C",
      "route": [
        [10.0, 7.0],
        [10.0, 18.0]
      ]
    },
    {
      "source": "B",
      "target": "D",
      "route": [
        [30.0, 7.0],
        [30.0, 18.0]
      ]
    },
    {
      "source": "C",
      "target": "D",
      "route": [
        [13.0, 20.0],
        [27.0, 20.0]
      ]
    }
  ],
  "constraints": {
    "align_vertical":   ["A", "C"],
    "align_horizontal": ["A", "B"],
    "order_left_to_right": ["A", "B", "D"],
    "order_top_to_bottom": ["A", "C", "D"],
    "fixed": ["A"],
    "clusters": [
      { "nodes": ["A", "B"] },
      { "nodes": ["C", "D"] }
    ],
    "grid": 1.0
  },
  "metadata": {
    "engine": {
      "layout_time_ms": 3.2,
      "routing_time_ms": 1.7,
      "node_count": 4,
      "edge_count": 4,
      "total_turns": 0,
      "routing_mode": "orthogonal"
    }
  }
}
